Date,Country,Confirmed,Recovered,Deaths
1/22/20,Brunei,0,0,0
1/23/20,Brunei,0,0,0
1/24/20,Brunei,0,0,0
1/25/20,Brunei,0,0,0
1/26/20,Brunei,0,0,0
1/27/20,Brunei,0,0,0
1/28/20,Brunei,0,0,0
1/29/20,Brunei,0,0,0
1/30/20,Brunei,0,0,0
1/31/20,Brunei,0,0,0
2/1/20,Brunei,0,0,0
2/2/20,Brunei,0,0,0
2/3/20,Brunei,0,0,0
2/4/20,Brunei,0,0,0
2/5/20,Brunei,0,0,0
2/6/20,Brunei,0,0,0
2/7/20,Brunei,0,0,0
2/8/20,Brunei,0,0,0
2/9/20,Brunei,0,0,0
2/10/20,Brunei,0,0,0
2/11/20,Brunei,0,0,0
2/12/20,Brunei,0,0,0
2/13/20,Brunei,0,0,0
2/14/20,Brunei,0,0,0
2/15/20,Brunei,0,0,0
2/16/20,Brunei,0,0,0
2/17/20,Brunei,0,0,0
2/18/20,Brunei,0,0,0
2/19/20,Brunei,0,0,0
2/20/20,Brunei,0,0,0
2/21/20,Brunei,0,0,0
2/22/20,Brunei,0,0,0
2/23/20,Brunei,0,0,0
2/24/20,Brunei,0,0,0
2/25/20,Brunei,0,0,0
2/26/20,Brunei,0,0,0
2/27/20,Brunei,0,0,0
2/28/20,Brunei,0,0,0
2/29/20,Brunei,0,0,0
3/1/20,Brunei,0,0,0
3/2/20,Brunei,0,0,0
3/3/20,Brunei,0,0,0
3/4/20,Brunei,0,0,0
3/5/20,Brunei,0,0,0
3/6/20,Brunei,0,0,0
3/7/20,Brunei,0,0,0
3/8/20,Brunei,0,0,0
3/9/20,Brunei,1,0,0
3/10/20,Brunei,1,0,0
3/11/20,Brunei,11,0,0
3/12/20,Brunei,11,0,0
3/13/20,Brunei,37,0,0
3/14/20,Brunei,40,0,0
3/15/20,Brunei,50,0,0
3/16/20,Brunei,54,0,0
3/17/20,Brunei,56,0,0
3/18/20,Brunei,68,0,0
3/19/20,Brunei,75,0,0
3/20/20,Brunei,78,1,0
3/21/20,Brunei,83,2,0
3/22/20,Brunei,88,2,0
3/23/20,Brunei,91,2,0
3/24/20,Brunei,104,2,0
3/25/20,Brunei,109,2,0
3/26/20,Brunei,114,5,0
3/27/20,Brunei,115,11,0
3/28/20,Brunei,120,25,1
3/29/20,Brunei,126,34,1
3/30/20,Brunei,127,38,1
3/31/20,Brunei,129,45,1
4/1/20,Brunei,131,52,1
4/2/20,Brunei,133,56,1
4/3/20,Brunei,134,65,1
4/4/20,Brunei,135,66,1
4/5/20,Brunei,135,73,1
4/6/20,Brunei,135,82,1
4/7/20,Brunei,135,85,1
4/8/20,Brunei,135,91,1
4/9/20,Brunei,135,92,1
4/10/20,Brunei,136,99,1
4/11/20,Brunei,136,104,1
4/12/20,Brunei,136,106,1
4/13/20,Brunei,136,107,1
4/14/20,Brunei,136,107,1
4/15/20,Brunei,136,108,1
4/16/20,Brunei,136,108,1
4/17/20,Brunei,136,112,1
4/18/20,Brunei,137,113,1
4/19/20,Brunei,138,115,1
4/20/20,Brunei,138,116,1
4/21/20,Brunei,138,116,1
4/22/20,Brunei,138,117,1
4/23/20,Brunei,138,119,1
4/24/20,Brunei,138,120,1
4/25/20,Brunei,138,121,1
4/26/20,Brunei,138,123,1
4/27/20,Brunei,138,124,1
4/28/20,Brunei,138,124,1
4/29/20,Brunei,138,124,1
4/30/20,Brunei,138,124,1
5/1/20,Brunei,138,124,1
5/2/20,Brunei,138,126,1
5/3/20,Brunei,138,128,1
5/4/20,Brunei,138,130,1
5/5/20,Brunei,138,131,1
5/6/20,Brunei,139,131,1
5/7/20,Brunei,141,131,1
5/8/20,Brunei,141,132,1
5/9/20,Brunei,141,132,1
5/10/20,Brunei,141,134,1
5/11/20,Brunei,141,134,1
5/12/20,Brunei,141,134,1
5/13/20,Brunei,141,134,1
5/14/20,Brunei,141,134,1
5/15/20,Brunei,141,135,1
5/16/20,Brunei,141,136,1
5/17/20,Brunei,141,136,1
5/18/20,Brunei,141,136,1
5/19/20,Brunei,141,136,1
5/20/20,Brunei,141,136,1
5/21/20,Brunei,141,136,1
5/22/20,Brunei,141,136,1
5/23/20,Brunei,141,136,1
5/24/20,Brunei,141,137,1
5/25/20,Brunei,141,137,1
5/26/20,Brunei,141,137,1
5/27/20,Brunei,141,137,2
5/28/20,Brunei,141,138,2
5/29/20,Brunei,141,138,2
5/30/20,Brunei,141,138,2
5/31/20,Brunei,141,138,2
6/1/20,Brunei,141,138,2
6/2/20,Brunei,141,138,2
6/3/20,Brunei,141,138,2
6/4/20,Brunei,141,138,2
6/5/20,Brunei,141,138,2
6/6/20,Brunei,141,138,2
6/7/20,Brunei,141,138,2
6/8/20,Brunei,141,138,2
6/9/20,Brunei,141,138,2
1/22/20,Burma,0,0,0
1/23/20,Burma,0,0,0
1/24/20,Burma,0,0,0
1/25/20,Burma,0,0,0
1/26/20,Burma,0,0,0
1/27/20,Burma,0,0,0
1/28/20,Burma,0,0,0
1/29/20,Burma,0,0,0
1/30/20,Burma,0,0,0
1/31/20,Burma,0,0,0
2/1/20,Burma,0,0,0
2/2/20,Burma,0,0,0
2/3/20,Burma,0,0,0
2/4/20,Burma,0,0,0
2/5/20,Burma,0,0,0
2/6/20,Burma,0,0,0
2/7/20,Burma,0,0,0
2/8/20,Burma,0,0,0
2/9/20,Burma,0,0,0
2/10/20,Burma,0,0,0
2/11/20,Burma,0,0,0
2/12/20,Burma,0,0,0
2/13/20,Burma,0,0,0
2/14/20,Burma,0,0,0
2/15/20,Burma,0,0,0
2/16/20,Burma,0,0,0
2/17/20,Burma,0,0,0
2/18/20,Burma,0,0,0
2/19/20,Burma,0,0,0
2/20/20,Burma,0,0,0
2/21/20,Burma,0,0,0
2/22/20,Burma,0,0,0
2/23/20,Burma,0,0,0
2/24/20,Burma,0,0,0
2/25/20,Burma,0,0,0
2/26/20,Burma,0,0,0
2/27/20,Burma,0,0,0
2/28/20,Burma,0,0,0
2/29/20,Burma,0,0,0
3/1/20,Burma,0,0,0
3/2/20,Burma,0,0,0
3/3/20,Burma,0,0,0
3/4/20,Burma,0,0,0
3/5/20,Burma,0,0,0
3/6/20,Burma,0,0,0
3/7/20,Burma,0,0,0
3/8/20,Burma,0,0,0
3/9/20,Burma,0,0,0
3/10/20,Burma,0,0,0
3/11/20,Burma,0,0,0
3/12/20,Burma,0,0,0
3/13/20,Burma,0,0,0
3/14/20,Burma,0,0,0
3/15/20,Burma,0,0,0
3/16/20,Burma,0,0,0
3/17/20,Burma,0,0,0
3/18/20,Burma,0,0,0
3/19/20,Burma,0,0,0
3/20/20,Burma,0,0,0
3/21/20,Burma,0,0,0
3/22/20,Burma,0,0,0
3/23/20,Burma,0,0,0
3/24/20,Burma,0,0,0
3/25/20,Burma,0,0,0
3/26/20,Burma,0,0,0
3/27/20,Burma,8,0,0
3/28/20,Burma,8,0,0
3/29/20,Burma,10,0,0
3/30/20,Burma,14,0,0
3/31/20,Burma,15,0,1
4/1/20,Burma,15,0,1
4/2/20,Burma,20,0,1
4/3/20,Burma,20,0,1
4/4/20,Burma,21,0,1
4/5/20,Burma,21,0,1
4/6/20,Burma,22,0,1
4/7/20,Burma,22,0,1
4/8/20,Burma,22,0,3
4/9/20,Burma,23,2,3
4/10/20,Burma,27,2,3
4/11/20,Burma,38,2,3
4/12/20,Burma,41,2,4
4/13/20,Burma,62,2,4
4/14/20,Burma,63,2,4
4/15/20,Burma,74,2,4
4/16/20,Burma,85,2,4
4/17/20,Burma,88,5,4
4/18/20,Burma,98,5,5
4/19/20,Burma,111,7,5
4/20/20,Burma,119,7,5
4/21/20,Burma,121,7,5
4/22/20,Burma,123,7,5
4/23/20,Burma,139,9,5
4/24/20,Burma,144,9,5
4/25/20,Burma,146,10,5
4/26/20,Burma,146,10,5
4/27/20,Burma,146,16,5
4/28/20,Burma,150,16,5
4/29/20,Burma,150,27,6
4/30/20,Burma,151,27,6
5/1/20,Burma,151,31,6
5/2/20,Burma,151,37,6
5/3/20,Burma,155,43,6
5/4/20,Burma,161,49,6
5/5/20,Burma,161,49,6
5/6/20,Burma,161,50,6
5/7/20,Burma,176,62,6
5/8/20,Burma,177,67,6
5/9/20,Burma,178,68,6
5/10/20,Burma,180,72,6
5/11/20,Burma,180,74,6
5/12/20,Burma,180,76,6
5/13/20,Burma,181,79,6
5/14/20,Burma,181,84,6
5/15/20,Burma,182,89,6
5/16/20,Burma,182,96,6
5/17/20,Burma,184,97,6
5/18/20,Burma,191,101,6
5/19/20,Burma,193,104,6
5/20/20,Burma,199,108,6
5/21/20,Burma,199,108,6
5/22/20,Burma,199,116,6
5/23/20,Burma,201,120,6
5/24/20,Burma,201,122,6
5/25/20,Burma,203,123,6
5/26/20,Burma,206,124,6
5/27/20,Burma,206,126,6
5/28/20,Burma,206,126,6
5/29/20,Burma,207,130,6
5/30/20,Burma,224,130,6
5/31/20,Burma,224,138,6
6/1/20,Burma,228,138,6
6/2/20,Burma,232,143,6
6/3/20,Burma,233,145,6
6/4/20,Burma,236,148,6
6/5/20,Burma,236,151,6
6/6/20,Burma,240,156,6
6/7/20,Burma,242,156,6
6/8/20,Burma,244,159,6
6/9/20,Burma,246,159,6
1/22/20,Cambodia,0,0,0
1/23/20,Cambodia,0,0,0
1/24/20,Cambodia,0,0,0
1/25/20,Cambodia,0,0,0
1/26/20,Cambodia,0,0,0
1/27/20,Cambodia,1,0,0
1/28/20,Cambodia,1,0,0
1/29/20,Cambodia,1,0,0
1/30/20,Cambodia,1,0,0
1/31/20,Cambodia,1,0,0
2/1/20,Cambodia,1,0,0
2/2/20,Cambodia,1,0,0
2/3/20,Cambodia,1,0,0
2/4/20,Cambodia,1,0,0
2/5/20,Cambodia,1,0,0
2/6/20,Cambodia,1,0,0
2/7/20,Cambodia,1,0,0
2/8/20,Cambodia,1,0,0
2/9/20,Cambodia,1,0,0
2/10/20,Cambodia,1,0,0
2/11/20,Cambodia,1,0,0
2/12/20,Cambodia,1,1,0
2/13/20,Cambodia,1,1,0
2/14/20,Cambodia,1,1,0
2/15/20,Cambodia,1,1,0
2/16/20,Cambodia,1,1,0
2/17/20,Cambodia,1,1,0
2/18/20,Cambodia,1,1,0
2/19/20,Cambodia,1,1,0
2/20/20,Cambodia,1,1,0
2/21/20,Cambodia,1,1,0
2/22/20,Cambodia,1,1,0
2/23/20,Cambodia,1,1,0
2/24/20,Cambodia,1,1,0
2/25/20,Cambodia,1,1,0
2/26/20,Cambodia,1,1,0
2/27/20,Cambodia,1,1,0
2/28/20,Cambodia,1,1,0
2/29/20,Cambodia,1,1,0
3/1/20,Cambodia,1,1,0
3/2/20,Cambodia,1,1,0
3/3/20,Cambodia,1,1,0
3/4/20,Cambodia,1,1,0
3/5/20,Cambodia,1,1,0
3/6/20,Cambodia,1,1,0
3/7/20,Cambodia,1,1,0
3/8/20,Cambodia,2,1,0
3/9/20,Cambodia,2,1,0
3/10/20,Cambodia,2,1,0
3/11/20,Cambodia,3,1,0
3/12/20,Cambodia,3,1,0
3/13/20,Cambodia,5,1,0
3/14/20,Cambodia,7,1,0
3/15/20,Cambodia,7,1,0
3/16/20,Cambodia,7,1,0
3/17/20,Cambodia,33,1,0
3/18/20,Cambodia,35,1,0
3/19/20,Cambodia,37,1,0
3/20/20,Cambodia,51,1,0
3/21/20,Cambodia,53,1,0
3/22/20,Cambodia,84,1,0
3/23/20,Cambodia,87,1,0
3/24/20,Cambodia,91,4,0
3/25/20,Cambodia,96,10,0
3/26/20,Cambodia,96,10,0
3/27/20,Cambodia,99,11,0
3/28/20,Cambodia,99,13,0
3/29/20,Cambodia,103,21,0
3/30/20,Cambodia,107,21,0
3/31/20,Cambodia,109,23,0
4/1/20,Cambodia,109,25,0
4/2/20,Cambodia,110,34,0
4/3/20,Cambodia,114,35,0
4/4/20,Cambodia,114,50,0
4/5/20,Cambodia,114,50,0
4/6/20,Cambodia,114,53,0
4/7/20,Cambodia,115,58,0
4/8/20,Cambodia,117,63,0
4/9/20,Cambodia,119,62,0
4/10/20,Cambodia,119,72,0
4/11/20,Cambodia,120,75,0
4/12/20,Cambodia,122,77,0
4/13/20,Cambodia,122,77,0
4/14/20,Cambodia,122,91,0
4/15/20,Cambodia,122,96,0
4/16/20,Cambodia,122,98,0
4/17/20,Cambodia,122,98,0
4/18/20,Cambodia,122,103,0
4/19/20,Cambodia,122,105,0
4/20/20,Cambodia,122,107,0
4/21/20,Cambodia,122,110,0
4/22/20,Cambodia,122,110,0
4/23/20,Cambodia,122,110,0
4/24/20,Cambodia,122,117,0
4/25/20,Cambodia,122,117,0
4/26/20,Cambodia,122,117,0
4/27/20,Cambodia,122,119,0
4/28/20,Cambodia,122,119,0
4/29/20,Cambodia,122,119,0
4/30/20,Cambodia,122,119,0
5/1/20,Cambodia,122,120,0
5/2/20,Cambodia,122,120,0
5/3/20,Cambodia,122,120,0
5/4/20,Cambodia,122,120,0
5/5/20,Cambodia,122,120,0
5/6/20,Cambodia,122,120,0
5/7/20,Cambodia,122,120,0
5/8/20,Cambodia,122,120,0
5/9/20,Cambodia,122,120,0
5/10/20,Cambodia,122,120,0
5/11/20,Cambodia,122,121,0
5/12/20,Cambodia,122,121,0
5/13/20,Cambodia,122,121,0
5/14/20,Cambodia,122,121,0
5/15/20,Cambodia,122,122,0
5/16/20,Cambodia,122,122,0
5/17/20,Cambodia,122,122,0
5/18/20,Cambodia,122,122,0
5/19/20,Cambodia,122,122,0
5/20/20,Cambodia,122,122,0
5/21/20,Cambodia,123,122,0
5/22/20,Cambodia,123,122,0
5/23/20,Cambodia,124,122,0
5/24/20,Cambodia,124,122,0
5/25/20,Cambodia,124,122,0
5/26/20,Cambodia,124,122,0
5/27/20,Cambodia,124,122,0
5/28/20,Cambodia,124,122,0
5/29/20,Cambodia,124,122,0
5/30/20,Cambodia,125,123,0
5/31/20,Cambodia,125,123,0
6/1/20,Cambodia,125,123,0
6/2/20,Cambodia,125,123,0
6/3/20,Cambodia,125,123,0
6/4/20,Cambodia,125,123,0
6/5/20,Cambodia,125,123,0
6/6/20,Cambodia,125,123,0
6/7/20,Cambodia,126,123,0
6/8/20,Cambodia,126,123,0
6/9/20,Cambodia,126,125,0
1/22/20,Indonesia,0,0,0
1/23/20,Indonesia,0,0,0
1/24/20,Indonesia,0,0,0
1/25/20,Indonesia,0,0,0
1/26/20,Indonesia,0,0,0
1/27/20,Indonesia,0,0,0
1/28/20,Indonesia,0,0,0
1/29/20,Indonesia,0,0,0
1/30/20,Indonesia,0,0,0
1/31/20,Indonesia,0,0,0
2/1/20,Indonesia,0,0,0
2/2/20,Indonesia,0,0,0
2/3/20,Indonesia,0,0,0
2/4/20,Indonesia,0,0,0
2/5/20,Indonesia,0,0,0
2/6/20,Indonesia,0,0,0
2/7/20,Indonesia,0,0,0
2/8/20,Indonesia,0,0,0
2/9/20,Indonesia,0,0,0
2/10/20,Indonesia,0,0,0
2/11/20,Indonesia,0,0,0
2/12/20,Indonesia,0,0,0
2/13/20,Indonesia,0,0,0
2/14/20,Indonesia,0,0,0
2/15/20,Indonesia,0,0,0
2/16/20,Indonesia,0,0,0
2/17/20,Indonesia,0,0,0
2/18/20,Indonesia,0,0,0
2/19/20,Indonesia,0,0,0
2/20/20,Indonesia,0,0,0
2/21/20,Indonesia,0,0,0
2/22/20,Indonesia,0,0,0
2/23/20,Indonesia,0,0,0
2/24/20,Indonesia,0,0,0
2/25/20,Indonesia,0,0,0
2/26/20,Indonesia,0,0,0
2/27/20,Indonesia,0,0,0
2/28/20,Indonesia,0,0,0
2/29/20,Indonesia,0,0,0
3/1/20,Indonesia,0,0,0
3/2/20,Indonesia,2,0,0
3/3/20,Indonesia,2,0,0
3/4/20,Indonesia,2,0,0
3/5/20,Indonesia,2,0,0
3/6/20,Indonesia,4,0,0
3/7/20,Indonesia,4,0,0
3/8/20,Indonesia,6,0,0
3/9/20,Indonesia,19,0,0
3/10/20,Indonesia,27,2,0
3/11/20,Indonesia,34,2,1
3/12/20,Indonesia,34,2,1
3/13/20,Indonesia,69,2,4
3/14/20,Indonesia,96,8,5
3/15/20,Indonesia,117,8,5
3/16/20,Indonesia,134,8,5
3/17/20,Indonesia,172,8,5
3/18/20,Indonesia,227,11,19
3/19/20,Indonesia,311,11,25
3/20/20,Indonesia,369,15,32
3/21/20,Indonesia,450,15,38
3/22/20,Indonesia,514,29,48
3/23/20,Indonesia,579,29,49
3/24/20,Indonesia,686,30,55
3/25/20,Indonesia,790,31,58
3/26/20,Indonesia,893,35,78
3/27/20,Indonesia,1046,46,87
3/28/20,Indonesia,1155,59,102
3/29/20,Indonesia,1285,64,114
3/30/20,Indonesia,1414,75,122
3/31/20,Indonesia,1528,81,136
4/1/20,Indonesia,1677,103,157
4/2/20,Indonesia,1790,112,170
4/3/20,Indonesia,1986,134,181
4/4/20,Indonesia,2092,150,191
4/5/20,Indonesia,2273,164,198
4/6/20,Indonesia,2491,192,209
4/7/20,Indonesia,2738,204,221
4/8/20,Indonesia,2956,222,240
4/9/20,Indonesia,3293,252,280
4/10/20,Indonesia,3512,282,306
4/11/20,Indonesia,3842,286,327
4/12/20,Indonesia,4241,359,373
4/13/20,Indonesia,4557,380,399
4/14/20,Indonesia,4839,426,459
4/15/20,Indonesia,5136,446,469
4/16/20,Indonesia,5516,548,496
4/17/20,Indonesia,5923,607,520
4/18/20,Indonesia,6248,631,535
4/19/20,Indonesia,6575,686,582
4/20/20,Indonesia,6760,747,590
4/21/20,Indonesia,7135,842,616
4/22/20,Indonesia,7418,913,635
4/23/20,Indonesia,7775,960,647
4/24/20,Indonesia,8211,1002,689
4/25/20,Indonesia,8607,1042,720
4/26/20,Indonesia,8882,1107,743
4/27/20,Indonesia,9096,1151,765
4/28/20,Indonesia,9511,1254,773
4/29/20,Indonesia,9771,1391,784
4/30/20,Indonesia,10118,1522,792
5/1/20,Indonesia,10551,1591,800
5/2/20,Indonesia,10843,1665,831
5/3/20,Indonesia,11192,1876,845
5/4/20,Indonesia,11587,1954,864
5/5/20,Indonesia,12071,2197,872
5/6/20,Indonesia,12438,2317,895
5/7/20,Indonesia,12776,2381,930
5/8/20,Indonesia,13112,2494,943
5/9/20,Indonesia,13645,2607,959
5/10/20,Indonesia,14032,2698,973
5/11/20,Indonesia,14265,2881,991
5/12/20,Indonesia,14749,3063,1007
5/13/20,Indonesia,15438,3287,1028
5/14/20,Indonesia,16006,3518,1043
5/15/20,Indonesia,16496,3803,1076
5/16/20,Indonesia,17025,3911,1089
5/17/20,Indonesia,17514,4129,1148
5/18/20,Indonesia,18010,4324,1191
5/19/20,Indonesia,18496,4467,1221
5/20/20,Indonesia,19189,4575,1242
5/21/20,Indonesia,20162,4838,1278
5/22/20,Indonesia,20796,5057,1326
5/23/20,Indonesia,21745,5249,1351
5/24/20,Indonesia,22271,5402,1372
5/25/20,Indonesia,22750,5642,1391
5/26/20,Indonesia,23165,5877,1418
5/27/20,Indonesia,23851,6057,1473
5/28/20,Indonesia,24538,6240,1496
5/29/20,Indonesia,25216,6492,1520
5/30/20,Indonesia,25773,7015,1573
5/31/20,Indonesia,26473,7308,1613
6/1/20,Indonesia,26940,7637,1641
6/2/20,Indonesia,27549,7935,1663
6/3/20,Indonesia,28233,8406,1698
6/4/20,Indonesia,28818,8892,1721
6/5/20,Indonesia,29521,9443,1770
6/6/20,Indonesia,30514,9907,1801
6/7/20,Indonesia,31186,10498,1851
6/8/20,Indonesia,32033,10904,1883
6/9/20,Indonesia,33076,11414,1923
1/22/20,Laos,0,0,0
1/23/20,Laos,0,0,0
1/24/20,Laos,0,0,0
1/25/20,Laos,0,0,0
1/26/20,Laos,0,0,0
1/27/20,Laos,0,0,0
1/28/20,Laos,0,0,0
1/29/20,Laos,0,0,0
1/30/20,Laos,0,0,0
1/31/20,Laos,0,0,0
2/1/20,Laos,0,0,0
2/2/20,Laos,0,0,0
2/3/20,Laos,0,0,0
2/4/20,Laos,0,0,0
2/5/20,Laos,0,0,0
2/6/20,Laos,0,0,0
2/7/20,Laos,0,0,0
2/8/20,Laos,0,0,0
2/9/20,Laos,0,0,0
2/10/20,Laos,0,0,0
2/11/20,Laos,0,0,0
2/12/20,Laos,0,0,0
2/13/20,Laos,0,0,0
2/14/20,Laos,0,0,0
2/15/20,Laos,0,0,0
2/16/20,Laos,0,0,0
2/17/20,Laos,0,0,0
2/18/20,Laos,0,0,0
2/19/20,Laos,0,0,0
2/20/20,Laos,0,0,0
2/21/20,Laos,0,0,0
2/22/20,Laos,0,0,0
2/23/20,Laos,0,0,0
2/24/20,Laos,0,0,0
2/25/20,Laos,0,0,0
2/26/20,Laos,0,0,0
2/27/20,Laos,0,0,0
2/28/20,Laos,0,0,0
2/29/20,Laos,0,0,0
3/1/20,Laos,0,0,0
3/2/20,Laos,0,0,0
3/3/20,Laos,0,0,0
3/4/20,Laos,0,0,0
3/5/20,Laos,0,0,0
3/6/20,Laos,0,0,0
3/7/20,Laos,0,0,0
3/8/20,Laos,0,0,0
3/9/20,Laos,0,0,0
3/10/20,Laos,0,0,0
3/11/20,Laos,0,0,0
3/12/20,Laos,0,0,0
3/13/20,Laos,0,0,0
3/14/20,Laos,0,0,0
3/15/20,Laos,0,0,0
3/16/20,Laos,0,0,0
3/17/20,Laos,0,0,0
3/18/20,Laos,0,0,0
3/19/20,Laos,0,0,0
3/20/20,Laos,0,0,0
3/21/20,Laos,0,0,0
3/22/20,Laos,0,0,0
3/23/20,Laos,0,0,0
3/24/20,Laos,2,0,0
3/25/20,Laos,3,0,0
3/26/20,Laos,6,0,0
3/27/20,Laos,6,0,0
3/28/20,Laos,8,0,0
3/29/20,Laos,8,0,0
3/30/20,Laos,8,0,0
3/31/20,Laos,9,0,0
4/1/20,Laos,10,0,0
4/2/20,Laos,10,0,0
4/3/20,Laos,10,0,0
4/4/20,Laos,10,0,0
4/5/20,Laos,11,0,0
4/6/20,Laos,12,0,0
4/7/20,Laos,14,0,0
4/8/20,Laos,15,0,0
4/9/20,Laos,16,0,0
4/10/20,Laos,16,0,0
4/11/20,Laos,18,0,0
4/12/20,Laos,19,0,0
4/13/20,Laos,19,0,0
4/14/20,Laos,19,1,0
4/15/20,Laos,19,1,0
4/16/20,Laos,19,2,0
4/17/20,Laos,19,2,0
4/18/20,Laos,19,2,0
4/19/20,Laos,19,2,0
4/20/20,Laos,19,2,0
4/21/20,Laos,19,2,0
4/22/20,Laos,19,4,0
4/23/20,Laos,19,4,0
4/24/20,Laos,19,4,0
4/25/20,Laos,19,7,0
4/26/20,Laos,19,7,0
4/27/20,Laos,19,7,0
4/28/20,Laos,19,7,0
4/29/20,Laos,19,7,0
4/30/20,Laos,19,8,0
5/1/20,Laos,19,8,0
5/2/20,Laos,19,9,0
5/3/20,Laos,19,9,0
5/4/20,Laos,19,9,0
5/5/20,Laos,19,9,0
5/6/20,Laos,19,10,0
5/7/20,Laos,19,9,0
5/8/20,Laos,19,9,0
5/9/20,Laos,19,13,0
5/10/20,Laos,19,13,0
5/11/20,Laos,19,13,0
5/12/20,Laos,19,13,0
5/13/20,Laos,19,14,0
5/14/20,Laos,19,14,0
5/15/20,Laos,19,14,0
5/16/20,Laos,19,14,0
5/17/20,Laos,19,14,0
5/18/20,Laos,19,14,0
5/19/20,Laos,19,14,0
5/20/20,Laos,19,14,0
5/21/20,Laos,19,14,0
5/22/20,Laos,19,14,0
5/23/20,Laos,19,14,0
5/24/20,Laos,19,14,0
5/25/20,Laos,19,14,0
5/26/20,Laos,19,14,0
5/27/20,Laos,19,16,0
5/28/20,Laos,19,16,0
5/29/20,Laos,19,16,0
5/30/20,Laos,19,16,0
5/31/20,Laos,19,16,0
6/1/20,Laos,19,16,0
6/2/20,Laos,19,16,0
6/3/20,Laos,19,18,0
6/4/20,Laos,19,18,0
6/5/20,Laos,19,18,0
6/6/20,Laos,19,18,0
6/7/20,Laos,19,18,0
6/8/20,Laos,19,18,0
6/9/20,Laos,19,19,0
1/22/20,Malaysia,0,0,0
1/23/20,Malaysia,0,0,0
1/24/20,Malaysia,0,0,0
1/25/20,Malaysia,3,0,0
1/26/20,Malaysia,4,0,0
1/27/20,Malaysia,4,0,0
1/28/20,Malaysia,4,0,0
1/29/20,Malaysia,7,0,0
1/30/20,Malaysia,8,0,0
1/31/20,Malaysia,8,0,0
2/1/20,Malaysia,8,0,0
2/2/20,Malaysia,8,0,0
2/3/20,Malaysia,8,0,0
2/4/20,Malaysia,10,0,0
2/5/20,Malaysia,12,0,0
2/6/20,Malaysia,12,0,0
2/7/20,Malaysia,12,1,0
2/8/20,Malaysia,16,1,0
2/9/20,Malaysia,16,1,0
2/10/20,Malaysia,18,1,0
2/11/20,Malaysia,18,3,0
2/12/20,Malaysia,18,3,0
2/13/20,Malaysia,19,3,0
2/14/20,Malaysia,19,3,0
2/15/20,Malaysia,22,7,0
2/16/20,Malaysia,22,7,0
2/17/20,Malaysia,22,7,0
2/18/20,Malaysia,22,13,0
2/19/20,Malaysia,22,15,0
2/20/20,Malaysia,22,15,0
2/21/20,Malaysia,22,15,0
2/22/20,Malaysia,22,15,0
2/23/20,Malaysia,22,15,0
2/24/20,Malaysia,22,18,0
2/25/20,Malaysia,22,18,0
2/26/20,Malaysia,22,18,0
2/27/20,Malaysia,23,18,0
2/28/20,Malaysia,23,18,0
2/29/20,Malaysia,25,18,0
3/1/20,Malaysia,29,18,0
3/2/20,Malaysia,29,18,0
3/3/20,Malaysia,36,22,0
3/4/20,Malaysia,50,22,0
3/5/20,Malaysia,50,22,0
3/6/20,Malaysia,83,22,0
3/7/20,Malaysia,93,23,0
3/8/20,Malaysia,99,24,0
3/9/20,Malaysia,117,24,0
3/10/20,Malaysia,129,24,0
3/11/20,Malaysia,149,26,0
3/12/20,Malaysia,149,26,0
3/13/20,Malaysia,197,26,0
3/14/20,Malaysia,238,35,0
3/15/20,Malaysia,428,42,0
3/16/20,Malaysia,566,42,0
3/17/20,Malaysia,673,49,2
3/18/20,Malaysia,790,60,2
3/19/20,Malaysia,900,75,2
3/20/20,Malaysia,1030,87,3
3/21/20,Malaysia,1183,114,4
3/22/20,Malaysia,1306,139,10
3/23/20,Malaysia,1518,139,14
3/24/20,Malaysia,1624,183,16
3/25/20,Malaysia,1796,199,20
3/26/20,Malaysia,2031,215,23
3/27/20,Malaysia,2161,259,26
3/28/20,Malaysia,2320,320,27
3/29/20,Malaysia,2470,388,35
3/30/20,Malaysia,2626,479,37
3/31/20,Malaysia,2766,537,43
4/1/20,Malaysia,2908,645,45
4/2/20,Malaysia,3116,767,50
4/3/20,Malaysia,3333,827,53
4/4/20,Malaysia,3483,915,57
4/5/20,Malaysia,3662,1005,61
4/6/20,Malaysia,3793,1241,62
4/7/20,Malaysia,3963,1321,63
4/8/20,Malaysia,4119,1487,65
4/9/20,Malaysia,4228,1608,67
4/10/20,Malaysia,4346,1830,70
4/11/20,Malaysia,4530,1995,73
4/12/20,Malaysia,4683,2108,76
4/13/20,Malaysia,4817,2276,77
4/14/20,Malaysia,4987,2478,82
4/15/20,Malaysia,5072,2647,83
4/16/20,Malaysia,5182,2766,84
4/17/20,Malaysia,5251,2967,86
4/18/20,Malaysia,5305,3102,88
4/19/20,Malaysia,5389,3197,89
4/20/20,Malaysia,5425,3295,89
4/21/20,Malaysia,5482,3349,92
4/22/20,Malaysia,5532,3452,93
4/23/20,Malaysia,5603,3542,95
4/24/20,Malaysia,5691,3663,96
4/25/20,Malaysia,5742,3762,98
4/26/20,Malaysia,5780,3862,98
4/27/20,Malaysia,5820,3957,99
4/28/20,Malaysia,5851,4032,100
4/29/20,Malaysia,5945,4087,100
4/30/20,Malaysia,6002,4171,102
5/1/20,Malaysia,6071,4210,103
5/2/20,Malaysia,6176,4326,103
5/3/20,Malaysia,6298,4413,105
5/4/20,Malaysia,6353,4484,105
5/5/20,Malaysia,6383,4567,106
5/6/20,Malaysia,6428,4702,107
5/7/20,Malaysia,6467,4776,107
5/8/20,Malaysia,6535,4864,107
5/9/20,Malaysia,6589,4929,108
5/10/20,Malaysia,6656,5025,108
5/11/20,Malaysia,6726,5113,109
5/12/20,Malaysia,6742,5223,109
5/13/20,Malaysia,6779,5281,111
5/14/20,Malaysia,6819,5351,112
5/15/20,Malaysia,6855,5439,112
5/16/20,Malaysia,6872,5512,113
5/17/20,Malaysia,6894,5571,113
5/18/20,Malaysia,6941,5615,113
5/19/20,Malaysia,6978,5646,114
5/20/20,Malaysia,7009,5706,114
5/21/20,Malaysia,7059,5796,114
5/22/20,Malaysia,7137,5859,115
5/23/20,Malaysia,7185,5912,115
5/24/20,Malaysia,7245,5945,115
5/25/20,Malaysia,7417,5979,115
5/26/20,Malaysia,7604,6041,115
5/27/20,Malaysia,7619,6083,115
5/28/20,Malaysia,7629,6169,115
5/29/20,Malaysia,7732,6235,115
5/30/20,Malaysia,7762,6330,115
5/31/20,Malaysia,7819,6353,115
6/1/20,Malaysia,7857,6404,115
6/2/20,Malaysia,7877,6470,115
6/3/20,Malaysia,7970,6531,115
6/4/20,Malaysia,8247,6559,115
6/5/20,Malaysia,8266,6610,116
6/6/20,Malaysia,8303,6635,117
6/7/20,Malaysia,8322,6674,117
6/8/20,Malaysia,8329,6694,117
6/9/20,Malaysia,8336,6975,117
1/22/20,Philippines,0,0,0
1/23/20,Philippines,0,0,0
1/24/20,Philippines,0,0,0
1/25/20,Philippines,0,0,0
1/26/20,Philippines,0,0,0
1/27/20,Philippines,0,0,0
1/28/20,Philippines,0,0,0
1/29/20,Philippines,0,0,0
1/30/20,Philippines,1,0,0
1/31/20,Philippines,1,0,0
2/1/20,Philippines,1,0,0
2/2/20,Philippines,2,0,1
2/3/20,Philippines,2,0,1
2/4/20,Philippines,2,0,1
2/5/20,Philippines,2,0,1
2/6/20,Philippines,2,0,1
2/7/20,Philippines,3,0,1
2/8/20,Philippines,3,0,1
2/9/20,Philippines,3,0,1
2/10/20,Philippines,3,0,1
2/11/20,Philippines,3,0,1
2/12/20,Philippines,3,1,1
2/13/20,Philippines,3,1,1
2/14/20,Philippines,3,1,1
2/15/20,Philippines,3,1,1
2/16/20,Philippines,3,1,1
2/17/20,Philippines,3,1,1
2/18/20,Philippines,3,1,1
2/19/20,Philippines,3,1,1
2/20/20,Philippines,3,1,1
2/21/20,Philippines,3,1,1
2/22/20,Philippines,3,1,1
2/23/20,Philippines,3,1,1
2/24/20,Philippines,3,1,1
2/25/20,Philippines,3,1,1
2/26/20,Philippines,3,1,1
2/27/20,Philippines,3,1,1
2/28/20,Philippines,3,1,1
2/29/20,Philippines,3,1,1
3/1/20,Philippines,3,1,1
3/2/20,Philippines,3,1,1
3/3/20,Philippines,3,1,1
3/4/20,Philippines,3,1,1
3/5/20,Philippines,3,1,1
3/6/20,Philippines,5,1,1
3/7/20,Philippines,6,1,1
3/8/20,Philippines,10,1,1
3/9/20,Philippines,20,1,1
3/10/20,Philippines,33,2,1
3/11/20,Philippines,49,2,1
3/12/20,Philippines,52,2,2
3/13/20,Philippines,64,2,5
3/14/20,Philippines,111,2,8
3/15/20,Philippines,140,2,11
3/16/20,Philippines,142,2,12
3/17/20,Philippines,187,5,12
3/18/20,Philippines,202,5,19
3/19/20,Philippines,217,8,17
3/20/20,Philippines,230,8,18
3/21/20,Philippines,307,13,19
3/22/20,Philippines,380,17,25
3/23/20,Philippines,462,17,33
3/24/20,Philippines,552,20,35
3/25/20,Philippines,636,26,38
3/26/20,Philippines,707,28,45
3/27/20,Philippines,803,31,54
3/28/20,Philippines,1075,35,68
3/29/20,Philippines,1418,42,71
3/30/20,Philippines,1546,42,78
3/31/20,Philippines,2084,49,88
4/1/20,Philippines,2311,50,96
4/2/20,Philippines,2633,51,107
4/3/20,Philippines,3018,52,136
4/4/20,Philippines,3094,57,144
4/5/20,Philippines,3246,64,152
4/6/20,Philippines,3660,73,163
4/7/20,Philippines,3764,84,177
4/8/20,Philippines,3870,96,182
4/9/20,Philippines,4076,124,203
4/10/20,Philippines,4195,140,221
4/11/20,Philippines,4428,157,247
4/12/20,Philippines,4648,197,297
4/13/20,Philippines,4932,242,315
4/14/20,Philippines,5223,295,335
4/15/20,Philippines,5453,353,349
4/16/20,Philippines,5660,435,362
4/17/20,Philippines,5878,487,387
4/18/20,Philippines,6087,516,397
4/19/20,Philippines,6259,572,409
4/20/20,Philippines,6459,613,428
4/21/20,Philippines,6599,654,437
4/22/20,Philippines,6710,693,446
4/23/20,Philippines,6981,722,462
4/24/20,Philippines,7192,762,477
4/25/20,Philippines,7294,792,494
4/26/20,Philippines,7579,862,501
4/27/20,Philippines,7777,932,511
4/28/20,Philippines,7958,975,530
4/29/20,Philippines,8212,1023,558
4/30/20,Philippines,8488,1043,568
5/1/20,Philippines,8772,1084,579
5/2/20,Philippines,8928,1124,603
5/3/20,Philippines,9223,1214,607
5/4/20,Philippines,9485,1315,623
5/5/20,Philippines,9684,1408,637
5/6/20,Philippines,10004,1506,658
5/7/20,Philippines,10343,1618,685
5/8/20,Philippines,10463,1734,696
5/9/20,Philippines,10610,1842,704
5/10/20,Philippines,10794,1924,719
5/11/20,Philippines,11086,1999,726
5/12/20,Philippines,11350,2106,751
5/13/20,Philippines,11618,2251,772
5/14/20,Philippines,11876,2337,790
5/15/20,Philippines,12091,2460,806
5/16/20,Philippines,12305,2561,817
5/17/20,Philippines,12513,2635,824
5/18/20,Philippines,12718,2729,831
5/19/20,Philippines,12942,2843,837
5/20/20,Philippines,13221,2932,842
5/21/20,Philippines,13434,3000,846
5/22/20,Philippines,13597,3092,857
5/23/20,Philippines,13777,3177,863
5/24/20,Philippines,14035,3249,868
5/25/20,Philippines,14319,3323,873
5/26/20,Philippines,14669,3412,886
5/27/20,Philippines,15049,3506,904
5/28/20,Philippines,15588,3598,921
5/29/20,Philippines,16634,3720,942
5/30/20,Philippines,17224,3808,950
5/31/20,Philippines,18086,3909,957
6/1/20,Philippines,18638,3979,960
6/2/20,Philippines,18997,4063,966
6/3/20,Philippines,19748,4153,974
6/4/20,Philippines,20382,4248,984
6/5/20,Philippines,20626,4330,987
6/6/20,Philippines,21340,4441,994
6/7/20,Philippines,21895,4530,1003
6/8/20,Philippines,22474,4637,1011
6/9/20,Philippines,22992,4736,1017
1/22/20,Singapore,0,0,0
1/23/20,Singapore,1,0,0
1/24/20,Singapore,3,0,0
1/25/20,Singapore,3,0,0
1/26/20,Singapore,4,0,0
1/27/20,Singapore,5,0,0
1/28/20,Singapore,7,0,0
1/29/20,Singapore,7,0,0
1/30/20,Singapore,10,0,0
1/31/20,Singapore,13,0,0
2/1/20,Singapore,16,0,0
2/2/20,Singapore,18,0,0
2/3/20,Singapore,18,0,0
2/4/20,Singapore,24,0,0
2/5/20,Singapore,28,0,0
2/6/20,Singapore,28,0,0
2/7/20,Singapore,30,0,0
2/8/20,Singapore,33,2,0
2/9/20,Singapore,40,2,0
2/10/20,Singapore,45,2,0
2/11/20,Singapore,47,9,0
2/12/20,Singapore,50,15,0
2/13/20,Singapore,58,15,0
2/14/20,Singapore,67,17,0
2/15/20,Singapore,72,18,0
2/16/20,Singapore,75,18,0
2/17/20,Singapore,77,24,0
2/18/20,Singapore,81,29,0
2/19/20,Singapore,84,34,0
2/20/20,Singapore,84,34,0
2/21/20,Singapore,85,37,0
2/22/20,Singapore,85,37,0
2/23/20,Singapore,89,51,0
2/24/20,Singapore,89,51,0
2/25/20,Singapore,91,53,0
2/26/20,Singapore,93,62,0
2/27/20,Singapore,93,62,0
2/28/20,Singapore,93,62,0
2/29/20,Singapore,102,72,0
3/1/20,Singapore,106,72,0
3/2/20,Singapore,108,78,0
3/3/20,Singapore,110,78,0
3/4/20,Singapore,110,78,0
3/5/20,Singapore,117,78,0
3/6/20,Singapore,130,78,0
3/7/20,Singapore,138,78,0
3/8/20,Singapore,150,78,0
3/9/20,Singapore,150,78,0
3/10/20,Singapore,160,78,0
3/11/20,Singapore,178,96,0
3/12/20,Singapore,178,96,0
3/13/20,Singapore,200,97,0
3/14/20,Singapore,212,105,0
3/15/20,Singapore,226,105,0
3/16/20,Singapore,243,109,0
3/17/20,Singapore,266,114,0
3/18/20,Singapore,313,114,0
3/19/20,Singapore,345,114,0
3/20/20,Singapore,385,124,0
3/21/20,Singapore,432,140,2
3/22/20,Singapore,455,144,2
3/23/20,Singapore,509,144,2
3/24/20,Singapore,558,156,2
3/25/20,Singapore,631,160,2
3/26/20,Singapore,683,172,2
3/27/20,Singapore,732,183,2
3/28/20,Singapore,802,198,2
3/29/20,Singapore,844,212,3
3/30/20,Singapore,879,228,3
3/31/20,Singapore,926,240,3
4/1/20,Singapore,1000,245,3
4/2/20,Singapore,1049,266,4
4/3/20,Singapore,1114,282,5
4/4/20,Singapore,1189,297,6
4/5/20,Singapore,1309,320,6
4/6/20,Singapore,1375,344,6
4/7/20,Singapore,1481,377,6
4/8/20,Singapore,1623,406,6
4/9/20,Singapore,1910,460,6
4/10/20,Singapore,2108,492,7
4/11/20,Singapore,2299,528,8
4/12/20,Singapore,2532,560,8
4/13/20,Singapore,2918,586,9
4/14/20,Singapore,3252,611,10
4/15/20,Singapore,3699,652,10
4/16/20,Singapore,4427,683,10
4/17/20,Singapore,5050,708,11
4/18/20,Singapore,5992,740,11
4/19/20,Singapore,6588,768,11
4/20/20,Singapore,8014,801,11
4/21/20,Singapore,9125,839,11
4/22/20,Singapore,10141,896,12
4/23/20,Singapore,11178,924,12
4/24/20,Singapore,12075,956,12
4/25/20,Singapore,12693,1002,12
4/26/20,Singapore,13624,1060,12
4/27/20,Singapore,14423,1095,14
4/28/20,Singapore,14951,1128,14
4/29/20,Singapore,15641,1188,14
4/30/20,Singapore,16169,1244,15
5/1/20,Singapore,17101,1268,16
5/2/20,Singapore,17548,1347,17
5/3/20,Singapore,18205,1408,18
5/4/20,Singapore,18778,1457,18
5/5/20,Singapore,19410,1519,18
5/6/20,Singapore,20198,1634,20
5/7/20,Singapore,20939,1712,20
5/8/20,Singapore,21707,2040,20
5/9/20,Singapore,22460,2296,20
5/10/20,Singapore,23336,2721,20
5/11/20,Singapore,23822,3225,21
5/12/20,Singapore,24671,3851,21
5/13/20,Singapore,25346,4809,21
5/14/20,Singapore,26098,5973,21
5/15/20,Singapore,26891,7248,21
5/16/20,Singapore,27356,8342,22
5/17/20,Singapore,28038,9340,22
5/18/20,Singapore,28343,9835,22
5/19/20,Singapore,28794,10365,22
5/20/20,Singapore,29364,11207,22
5/21/20,Singapore,29812,12117,23
5/22/20,Singapore,30426,12995,23
5/23/20,Singapore,31068,13882,23
5/24/20,Singapore,31616,14876,23
5/25/20,Singapore,31960,15738,23
5/26/20,Singapore,32343,16444,23
5/27/20,Singapore,32876,17276,23
5/28/20,Singapore,33249,18294,23
5/29/20,Singapore,33860,19631,23
5/30/20,Singapore,34366,20727,23
5/31/20,Singapore,34884,21699,23
6/1/20,Singapore,35292,22466,24
6/2/20,Singapore,35836,23175,24
6/3/20,Singapore,36405,23582,24
6/4/20,Singapore,36922,23904,24
6/5/20,Singapore,37183,24209,24
6/6/20,Singapore,37527,24559,25
6/7/20,Singapore,37910,24886,25
6/8/20,Singapore,38296,25368,25
6/9/20,Singapore,38514,25877,25
1/22/20,Thailand,2,0,0
1/23/20,Thailand,3,0,0
1/24/20,Thailand,5,0,0
1/25/20,Thailand,7,0,0
1/26/20,Thailand,8,2,0
1/27/20,Thailand,8,2,0
1/28/20,Thailand,14,5,0
1/29/20,Thailand,14,5,0
1/30/20,Thailand,14,5,0
1/31/20,Thailand,19,5,0
2/1/20,Thailand,19,5,0
2/2/20,Thailand,19,5,0
2/3/20,Thailand,19,5,0
2/4/20,Thailand,25,5,0
2/5/20,Thailand,25,5,0
2/6/20,Thailand,25,5,0
2/7/20,Thailand,25,5,0
2/8/20,Thailand,32,10,0
2/9/20,Thailand,32,10,0
2/10/20,Thailand,32,10,0
2/11/20,Thailand,33,10,0
2/12/20,Thailand,33,10,0
2/13/20,Thailand,33,12,0
2/14/20,Thailand,33,12,0
2/15/20,Thailand,33,12,0
2/16/20,Thailand,34,14,0
2/17/20,Thailand,35,15,0
2/18/20,Thailand,35,15,0
2/19/20,Thailand,35,15,0
2/20/20,Thailand,35,15,0
2/21/20,Thailand,35,17,0
2/22/20,Thailand,35,17,0
2/23/20,Thailand,35,21,0
2/24/20,Thailand,35,21,0
2/25/20,Thailand,37,22,0
2/26/20,Thailand,40,22,0
2/27/20,Thailand,40,22,0
2/28/20,Thailand,41,28,0
2/29/20,Thailand,42,28,0
3/1/20,Thailand,42,28,1
3/2/20,Thailand,43,31,1
3/3/20,Thailand,43,31,1
3/4/20,Thailand,43,31,1
3/5/20,Thailand,47,31,1
3/6/20,Thailand,48,31,1
3/7/20,Thailand,50,31,1
3/8/20,Thailand,50,31,1
3/9/20,Thailand,50,31,1
3/10/20,Thailand,53,33,1
3/11/20,Thailand,59,34,1
3/12/20,Thailand,70,34,1
3/13/20,Thailand,75,35,1
3/14/20,Thailand,82,35,1
3/15/20,Thailand,114,35,1
3/16/20,Thailand,147,35,1
3/17/20,Thailand,177,41,1
3/18/20,Thailand,212,42,1
3/19/20,Thailand,272,42,1
3/20/20,Thailand,322,42,1
3/21/20,Thailand,411,42,1
3/22/20,Thailand,599,44,1
3/23/20,Thailand,721,44,1
3/24/20,Thailand,827,52,4
3/25/20,Thailand,934,70,4
3/26/20,Thailand,1045,88,4
3/27/20,Thailand,1136,97,5
3/28/20,Thailand,1245,97,6
3/29/20,Thailand,1388,97,7
3/30/20,Thailand,1524,229,9
3/31/20,Thailand,1651,342,10
4/1/20,Thailand,1771,505,12
4/2/20,Thailand,1875,505,15
4/3/20,Thailand,1978,612,19
4/4/20,Thailand,2067,674,20
4/5/20,Thailand,2169,793,23
4/6/20,Thailand,2220,793,26
4/7/20,Thailand,2258,888,27
4/8/20,Thailand,2369,888,30
4/9/20,Thailand,2423,940,32
4/10/20,Thailand,2473,1013,33
4/11/20,Thailand,2518,1135,35
4/12/20,Thailand,2551,1218,38
4/13/20,Thailand,2579,1288,40
4/14/20,Thailand,2613,1405,41
4/15/20,Thailand,2643,1497,43
4/16/20,Thailand,2672,1593,46
4/17/20,Thailand,2700,1689,47
4/18/20,Thailand,2733,1787,47
4/19/20,Thailand,2765,1928,47
4/20/20,Thailand,2792,1999,47
4/21/20,Thailand,2811,2108,48
4/22/20,Thailand,2826,2352,49
4/23/20,Thailand,2839,2430,50
4/24/20,Thailand,2907,2547,51
4/25/20,Thailand,2907,2547,51
4/26/20,Thailand,2922,2594,51
4/27/20,Thailand,2931,2609,52
4/28/20,Thailand,2938,2652,54
4/29/20,Thailand,2947,2665,54
4/30/20,Thailand,2954,2684,54
5/1/20,Thailand,2960,2719,54
5/2/20,Thailand,2966,2732,54
5/3/20,Thailand,2969,2739,54
5/4/20,Thailand,2987,2740,54
5/5/20,Thailand,2988,2747,54
5/6/20,Thailand,2989,2761,55
5/7/20,Thailand,2992,2772,55
5/8/20,Thailand,3000,2784,55
5/9/20,Thailand,3004,2787,56
5/10/20,Thailand,3009,2794,56
5/11/20,Thailand,3015,2796,56
5/12/20,Thailand,3017,2798,56
5/13/20,Thailand,3017,2844,56
5/14/20,Thailand,3018,2850,56
5/15/20,Thailand,3025,2854,56
5/16/20,Thailand,3025,2855,56
5/17/20,Thailand,3028,2856,56
5/18/20,Thailand,3031,2857,56
5/19/20,Thailand,3033,2857,56
5/20/20,Thailand,3034,2888,56
5/21/20,Thailand,3037,2897,56
5/22/20,Thailand,3037,2910,56
5/23/20,Thailand,3040,2916,56
5/24/20,Thailand,3040,2921,56
5/25/20,Thailand,3042,2928,57
5/26/20,Thailand,3045,2929,57
5/27/20,Thailand,3054,2931,57
5/28/20,Thailand,3065,2945,57
5/29/20,Thailand,3076,2945,57
5/30/20,Thailand,3077,2961,57
5/31/20,Thailand,3081,2963,57
6/1/20,Thailand,3082,2965,57
6/2/20,Thailand,3083,2966,58
6/3/20,Thailand,3084,2968,58
6/4/20,Thailand,3101,2968,58
6/5/20,Thailand,3102,2971,58
6/6/20,Thailand,3104,2971,58
6/7/20,Thailand,3112,2972,58
6/8/20,Thailand,3119,2973,58
6/9/20,Thailand,3121,2973,58
1/22/20,Vietnam,0,0,0
1/23/20,Vietnam,2,0,0
1/24/20,Vietnam,2,0,0
1/25/20,Vietnam,2,0,0
1/26/20,Vietnam,2,0,0
1/27/20,Vietnam,2,0,0
1/28/20,Vietnam,2,0,0
1/29/20,Vietnam,2,0,0
1/30/20,Vietnam,2,0,0
1/31/20,Vietnam,2,0,0
2/1/20,Vietnam,6,1,0
2/2/20,Vietnam,6,1,0
2/3/20,Vietnam,8,1,0
2/4/20,Vietnam,8,1,0
2/5/20,Vietnam,8,1,0
2/6/20,Vietnam,10,1,0
2/7/20,Vietnam,10,1,0
2/8/20,Vietnam,13,1,0
2/9/20,Vietnam,13,1,0
2/10/20,Vietnam,14,1,0
2/11/20,Vietnam,15,6,0
2/12/20,Vietnam,15,6,0
2/13/20,Vietnam,16,7,0
2/14/20,Vietnam,16,7,0
2/15/20,Vietnam,16,7,0
2/16/20,Vietnam,16,7,0
2/17/20,Vietnam,16,7,0
2/18/20,Vietnam,16,7,0
2/19/20,Vietnam,16,7,0
2/20/20,Vietnam,16,7,0
2/21/20,Vietnam,16,14,0
2/22/20,Vietnam,16,14,0
2/23/20,Vietnam,16,14,0
2/24/20,Vietnam,16,14,0
2/25/20,Vietnam,16,16,0
2/26/20,Vietnam,16,16,0
2/27/20,Vietnam,16,16,0
2/28/20,Vietnam,16,16,0
2/29/20,Vietnam,16,16,0
3/1/20,Vietnam,16,16,0
3/2/20,Vietnam,16,16,0
3/3/20,Vietnam,16,16,0
3/4/20,Vietnam,16,16,0
3/5/20,Vietnam,16,16,0
3/6/20,Vietnam,16,16,0
3/7/20,Vietnam,18,16,0
3/8/20,Vietnam,30,16,0
3/9/20,Vietnam,30,16,0
3/10/20,Vietnam,31,16,0
3/11/20,Vietnam,38,16,0
3/12/20,Vietnam,39,16,0
3/13/20,Vietnam,47,16,0
3/14/20,Vietnam,53,16,0
3/15/20,Vietnam,56,16,0
3/16/20,Vietnam,61,16,0
3/17/20,Vietnam,66,16,0
3/18/20,Vietnam,75,16,0
3/19/20,Vietnam,85,16,0
3/20/20,Vietnam,91,16,0
3/21/20,Vietnam,94,17,0
3/22/20,Vietnam,113,17,0
3/23/20,Vietnam,123,17,0
3/24/20,Vietnam,134,17,0
3/25/20,Vietnam,141,17,0
3/26/20,Vietnam,153,20,0
3/27/20,Vietnam,163,20,0
3/28/20,Vietnam,174,21,0
3/29/20,Vietnam,188,25,0
3/30/20,Vietnam,203,55,0
3/31/20,Vietnam,212,58,0
4/1/20,Vietnam,218,63,0
4/2/20,Vietnam,233,75,0
4/3/20,Vietnam,237,85,0
4/4/20,Vietnam,240,90,0
4/5/20,Vietnam,241,90,0
4/6/20,Vietnam,245,95,0
4/7/20,Vietnam,249,123,0
4/8/20,Vietnam,251,126,0
4/9/20,Vietnam,255,128,0
4/10/20,Vietnam,257,144,0
4/11/20,Vietnam,258,144,0
4/12/20,Vietnam,262,144,0
4/13/20,Vietnam,265,146,0
4/14/20,Vietnam,266,169,0
4/15/20,Vietnam,267,171,0
4/16/20,Vietnam,268,177,0
4/17/20,Vietnam,268,198,0
4/18/20,Vietnam,268,201,0
4/19/20,Vietnam,268,202,0
4/20/20,Vietnam,268,214,0
4/21/20,Vietnam,268,216,0
4/22/20,Vietnam,268,223,0
4/23/20,Vietnam,268,224,0
4/24/20,Vietnam,270,220,0
4/25/20,Vietnam,270,225,0
4/26/20,Vietnam,270,225,0
4/27/20,Vietnam,270,225,0
4/28/20,Vietnam,270,222,0
4/29/20,Vietnam,270,222,0
4/30/20,Vietnam,270,219,0
5/1/20,Vietnam,270,219,0
5/2/20,Vietnam,270,219,0
5/3/20,Vietnam,271,219,0
5/4/20,Vietnam,271,219,0
5/5/20,Vietnam,271,232,0
5/6/20,Vietnam,271,232,0
5/7/20,Vietnam,288,233,0
5/8/20,Vietnam,288,241,0
5/9/20,Vietnam,288,241,0
5/10/20,Vietnam,288,241,0
5/11/20,Vietnam,288,249,0
5/12/20,Vietnam,288,252,0
5/13/20,Vietnam,288,252,0
5/14/20,Vietnam,312,260,0
5/15/20,Vietnam,314,260,0
5/16/20,Vietnam,318,260,0
5/17/20,Vietnam,320,260,0
5/18/20,Vietnam,324,263,0
5/19/20,Vietnam,324,263,0
5/20/20,Vietnam,324,263,0
5/21/20,Vietnam,324,266,0
5/22/20,Vietnam,324,267,0
5/23/20,Vietnam,325,267,0
5/24/20,Vietnam,325,267,0
5/25/20,Vietnam,326,272,0
5/26/20,Vietnam,327,272,0
5/27/20,Vietnam,327,278,0
5/28/20,Vietnam,327,278,0
5/29/20,Vietnam,328,279,0
5/30/20,Vietnam,328,279,0
5/31/20,Vietnam,328,279,0
6/1/20,Vietnam,328,293,0
6/2/20,Vietnam,328,298,0
6/3/20,Vietnam,328,302,0
6/4/20,Vietnam,328,302,0
6/5/20,Vietnam,328,307,0
6/6/20,Vietnam,329,307,0
6/7/20,Vietnam,331,307,0
6/8/20,Vietnam,332,316,0
6/9/20,Vietnam,332,316,0
